<?xml version="1.0"?>
<!DOCTYPE hibernate-mapping PUBLIC "-//Hibernate/Hibernate Mapping DTD 3.0//EN" "http://hibernate.sourceforge.net/hibernate-mapping-3.0.dtd">

<hibernate-mapping auto-import="false" default-lazy="false">
	<import class="com.bmstu.calendar.manager.core.model.Calendar" />
	<class name="com.bmstu.calendar.manager.core.model.impl.CalendarImpl" table="CM_Calendar">
		<id name="calendarId" type="long">
			<generator class="assigned" />
		</id>
		<property column="uuid_" name="uuid" type="com.liferay.portal.dao.orm.hibernate.StringType" />
		<property name="groupId" type="com.liferay.portal.dao.orm.hibernate.LongType" />
		<property name="companyId" type="com.liferay.portal.dao.orm.hibernate.LongType" />
		<property name="userId" type="com.liferay.portal.dao.orm.hibernate.LongType" />
		<property name="userName" type="com.liferay.portal.dao.orm.hibernate.StringType" />
		<property name="createDate" type="org.hibernate.type.TimestampType" />
		<property name="modifiedDate" type="org.hibernate.type.TimestampType" />
		<property name="status" type="com.liferay.portal.dao.orm.hibernate.IntegerType" />
		<property name="statusByUserId" type="com.liferay.portal.dao.orm.hibernate.LongType" />
		<property name="statusByUserName" type="com.liferay.portal.dao.orm.hibernate.StringType" />
		<property name="statusDate" type="org.hibernate.type.TimestampType" />
		<property name="name" type="com.liferay.portal.dao.orm.hibernate.StringType" />
		<property name="file" type="com.liferay.portal.dao.orm.hibernate.StringType" />
		<property name="calendarAttributes" type="com.liferay.portal.dao.orm.hibernate.StringType" />
	</class>
</hibernate-mapping>