<?xml version="1.0"?>

<model-hints>
	<model name="com.bmstu.calendar.manager.core.model.Calendar">
		<field name="uuid" type="String" />
		<field name="calendarId" type="long" />
		<field name="groupId" type="long" />
		<field name="companyId" type="long" />
		<field name="userId" type="long" />
		<field name="userName" type="String" />
		<field name="createDate" type="Date" />
		<field name="modifiedDate" type="Date" />
		<field name="status" type="int" />
		<field name="statusByUserId" type="long" />
		<field name="statusByUserName" type="String" />
		<field name="statusDate" type="Date" />
		<field name="name" type="String" />
		<field name="file" type="String" />
		<field name="calendarAttributes" type="String" />
	</model>
</model-hints>