<?xml version="1.0"?>
<!DOCTYPE service-builder PUBLIC "-//Liferay//DTD Service Builder 7.0.0//EN" "http://www.liferay.com/dtd/liferay-service-builder_7_0_0.dtd">

<service-builder auto-namespace-tables="true"
	package-path="com.bmstu.calendar.manager.core">
	<author>Salbieva</author>
	<namespace>CM</namespace>
	<entity local-service="true" name="Calendar" uuid="true">

		<!-- PK fields -->
		<column name="calendarId" primary="true" type="long" />

		<!-- Group instance -->
		<column name="groupId" type="long" />

		<!-- Audit fields -->
		<column name="companyId" type="long" />
		<column name="userId" type="long" />
		<column name="userName" type="String" />
		<column name="createDate" type="Date" />
		<column name="modifiedDate" type="Date" />

		<!-- Status fields -->
		<column name="status" type="int" />
		<column name="statusByUserId" type="long" />
		<column name="statusByUserName" type="String" />
		<column name="statusDate" type="Date" />

		<!-- Other fields -->
		<column name="name" type="String" />
		<column name="file" type="String" />
		<column name="calendarAttributes" type="String" />


		<finder name="GroupId" return-type="Collection">
			<finder-column name="groupId" />
		</finder>
		<finder name="CalendarId" return-type="Collection">
			<finder-column name="calendarId" />
		</finder>
	</entity>
</service-builder>